<?xml version="1.0"?>
<odoo>

    <record model="ir.module.category" id="module_category_asset_management">
        <field name="name">Asset Management</field>
        <field name="sequence">100</field>
        <field name="parent_id" eval="False"/>
    </record>

    <record model="ir.module.category" id="module_category_ll_asset_management">
        <field name="name">Asset Management</field>
        <field name="description">Manage company assets</field>
        <field name="parent_id" ref="module_category_asset_management"/>
    </record>

<!--    <record id="module_category_ll_asset_management" model="ir.module.category">-->
<!--        <field name="name">Asset Management</field>-->
<!--        <field name="description">Manage company assets</field>-->
<!--        <field name="parent_id" eval="False"/>-->
<!--        <field name="sequence">15</field>-->
<!--    </record>-->

    <record id="group_asset_user" model="res.groups">
        <field name="name">Asset User</field>
        <field name="category_id" ref="module_category_ll_asset_management"/>
<!--        <field name="implied_ids" eval="[(4, ref('base.group_user'))]"/>-->
        <field name="implied_ids" eval="[Command.link(ref('base.group_user'))]"/>
        <field name="comment">For regular employees who use/request assets.</field>
    </record>

    <record id="group_asset_officer" model="res.groups">
        <field name="name">Asset Officer</field>
        <field name="category_id" ref="module_category_ll_asset_management"/>
<!--        <field name="implied_ids" eval="[(4, ref('ll_asset_management.group_asset_user'))]"/>-->
        <field name="implied_ids" eval="[Command.link(ref('ll_asset_management.group_asset_user'))]"/>
        <field name="comment">For staff who manage issuance, stock, and day-to-day asset tracking.</field>
    </record>

    <record id="group_asset_manager" model="res.groups">
        <field name="name">Asset Manager</field>
        <field name="category_id" ref="module_category_ll_asset_management"/>
<!--        <field name="implied_ids" eval="[(4, ref('ll_asset_management.group_asset_officer'))]"/>-->
        <field name="implied_ids" eval="[Command.link(ref('ll_asset_management.group_asset_officer'))]"/>
        <field name="comment">For supervisors or department heads.</field>
    </record>

</odoo>
