id,name,model_id:id,group_id:id,perm_read,perm_write,perm_create,perm_unlink

access_ll_asset_location_asset_user,ll.asset.location.asset.user,model_ll_asset_location,ll_asset_management.group_asset_user,1,0,0,0
access_ll_asset_location_asset_officer,ll.asset.location.asset.officer,model_ll_asset_location,ll_asset_management.group_asset_officer,1,1,1,1
access_ll_asset_location_asset_manager,ll.asset.location.asset.manager,model_ll_asset_location,ll_asset_management.group_asset_manager,1,1,1,1

access_ll_asset_category_asset_user,ll.asset.category.asset.user,model_ll_asset_category,ll_asset_management.group_asset_user,1,0,0,0
access_ll_asset_category_asset_officer,ll.asset.category.asset.officer,model_ll_asset_category,ll_asset_management.group_asset_officer,1,1,1,1
access_ll_asset_category_asset_manager,ll.asset.category.asset.manager,model_ll_asset_category,ll_asset_management.group_asset_manager,1,1,1,1

access_ll_asset_asset_user,ll.asset.asset.user,model_ll_asset_asset,ll_asset_management.group_asset_user,1,0,0,0
access_ll_asset_asset_officer,ll.asset.asset.officer,model_ll_asset_asset,ll_asset_management.group_asset_officer,1,1,1,1
access_ll_asset_asset_manager,ll.asset.asset.manager,model_ll_asset_asset,ll_asset_management.group_asset_manager,1,1,1,1

access_ll_asset_issuance_asset_user,ll.asset.issuance.asset.user,model_ll_asset_issuance,ll_asset_management.group_asset_user,1,1,1,1
access_ll_asset_issuance_line_asset_user,ll.asset.issuance.line.asset.user,model_ll_asset_issuance_line,ll_asset_management.group_asset_user,1,1,1,1

access_ll_asset_return_asset_user,ll.asset.return.asset.user,model_ll_asset_return,ll_asset_management.group_asset_user,1,1,1,1
access_ll_asset_return_line_asset_user,ll.asset.return.line.asset.user,model_ll_asset_return_line,ll_asset_management.group_asset_user,1,1,1,1